id,new_filename,original_filename,capture_date,description,width_px,height_px,sha256,source_pixel_sha256,privacy_processing
RA-20260914-001,RA-20260914-001-y-motor-support-reference-with-m8-rods.jpg,76153.jpg,20260914,y motor support reference with m8 rods,710,1536,db2a41811b3e04dc7cae1ee5a1f19d3fc9686e65e5830ed1a2779d84de9933a9,09a9bfbd7182b53bbc5cbffbf9f888b1305f226842d1f4135e3d6416cc1e2d1b,EXIF/GPS/XMP/ICC stripped; orientation normalized; JPEG re-encoded from pixels
RA-20260914-002,RA-20260914-002-front-y-idler-support-reference-with-m8-rods.jpg,76154.jpg,20260914,front y idler support reference with m8 rods,710,1536,41739926a747118842973b8025c268ad74922bfe4c0218c94b7152310bfec44b,370603be1eec88f9d3f990919822ebdd415968c3f9192ad49a7de64cc579452e,EXIF/GPS/XMP/ICC stripped; orientation normalized; JPEG re-encoded from pixels
RA-20260914-003,RA-20260914-003-y-idler-pulley-reference.jpg,76155.jpg,20260914,y idler pulley reference,710,1536,91652f8cf8feae15690d2b023519f0891edaf8b846348b50d4810919a60de668,c9b04150fc779147b13ac344f78182d701cea8b49cb2ff7d264d44f1ff28c3bf,EXIF/GPS/XMP/ICC stripped; orientation normalized; JPEG re-encoded from pixels
RA-20260914-004,RA-20260914-004-front-y-idler-support-on-paired-m8-rods.jpg,76156.jpg,20260914,front y idler support on paired m8 rods,710,1536,1fc7fd1581db002bb9769e303cf3c2b8203b6fc8c36c0f82114153c20ebb8c03,d32f46de32a46fb7fc05499c79e317289012bc35ff29d926334487a68e255b04,EXIF/GPS/XMP/ICC stripped; orientation normalized; JPEG re-encoded from pixels
RA-20260914-005,RA-20260914-005-front-y-idler-support-side-reference.jpg,76157.jpg,20260914,front y idler support side reference,1536,710,b08808cda9de5e45b41d6379030cf894209bff06a9d65220a17450e072cb53ec,6be0f5ad53af65c9c21dcad36bd9e0bbe17f02bdcb214e74fa3c99a13227ebdb,EXIF/GPS/XMP/ICC stripped; orientation normalized; JPEG re-encoded from pixels
RA-20260914-006,RA-20260914-006-front-y-idler-support-close-reference.jpg,76158.jpg,20260914,front y idler support close reference,1536,710,39775ff888dbedd5ca41890ecc403d42abfb677eada348038ea60da9d7e5843c,a74a44c118095cbd0acbee4c5d522d2bde7cc3537f9b2166172b69ae9a521167,EXIF/GPS/XMP/ICC stripped; orientation normalized; JPEG re-encoded from pixels
RA-20260914-007,RA-20260914-007-y-motor-support-mounted-between-m8-rods.jpg,76159.jpg,20260914,y motor support mounted between m8 rods,710,1536,b23d7f6572cce3a8fa0d96687012e28b9515acd50e85380760c4969cd5f2f701,83c70768e3c31d229b3fc342910a15fac16afc500000da1fd07af039e5816f83,EXIF/GPS/XMP/ICC stripped; orientation normalized; JPEG re-encoded from pixels
RA-20260914-008,RA-20260914-008-front-y-crossmember-assembled-detail.jpg,76162.jpg,20260914,front y crossmember assembled detail,1536,710,ca40b9746c5989c0918e35aa9bbcb1e4024219c38d9f683179f2edf515ed1531,498ba9a2aabcacb29fb09949e3e5fd6d7dad2dff24b95fe982eb1c099a793af6,EXIF/GPS/XMP/ICC stripped; orientation normalized; JPEG re-encoded from pixels
RA-20260914-009,RA-20260914-009-front-y-crossmember-assembled-reference.jpg,76163.jpg,20260914,front y crossmember assembled reference,1536,710,ab3757e6eefb99011f39399f3e62dc98c215eb8dbf5d3c3315c499e312a7308e,e4da8d8aa1c0f40bc5bc68be57ecf7fa7678a335ff86d5f4c6a685b325f8453c,EXIF/GPS/XMP/ICC stripped; orientation normalized; JPEG re-encoded from pixels
RA-20260914-010,RA-20260914-010-y-motor-support-installed-detail.jpg,76243.jpg,20260914,y motor support installed detail,709,1536,a9b3090ee52bb3fa0dcdd0ee74339062d84d604e926e484d2c06dca6532d704a,fa155631081ee80099f7663246ba00abf5f38e00efb75b9bcd2b0a3f79b17ded,EXIF/GPS/XMP/ICC stripped; orientation normalized; JPEG re-encoded from pixels
RA-20260914-011,RA-20260914-011-m10-side-rod-corner-blocks-and-frame-washers.jpg,20260914_094523.jpg,20260914,m10 side rod corner blocks and frame washers,1848,4000,2de83f7c8d246ed3f7e545e5dc684e8a0a763164db956e125631f0d3d60b116b,718c0907f2174b9815023fc4ff4820c5abef7170fef8149f45433451b06e6244,EXIF/GPS/XMP/ICC stripped; orientation normalized; JPEG re-encoded from pixels
RA-20260914-012,RA-20260914-012-m10-side-rod-hardware-and-corner-block-layout.jpg,20260914_094531.jpg,20260914,m10 side rod hardware and corner block layout,1848,4000,038d1f761979013717f89b44fc52abde39901305b43af3bdfefad3967e6f7307,3b534ee4b1f7d6b4436bd9b76147b4c9b13e694cb49feed3e5a050db8a83eff2,EXIF/GPS/XMP/ICC stripped; orientation normalized; JPEG re-encoded from pixels
RA-20260914-013,RA-20260914-013-m10-side-rod-second-hardware-layout.jpg,20260914_094537.jpg,20260914,m10 side rod second hardware layout,1848,4000,54e3dd4af6c21f510e86882940fc92f5e31255ebfd8668c35569e18adb38f9ad,6f4f445df8e7aaae43628d7df4da16add5264cf4875c43ef17aa5a3d9e53dc7d,EXIF/GPS/XMP/ICC stripped; orientation normalized; JPEG re-encoded from pixels
RA-20260914-014,RA-20260914-014-y-motor-support-positioned-between-m8-rods.jpg,20260914_100519.jpg,20260914,y motor support positioned between m8 rods,1848,4000,61fad80ef2e1ed454a019afe7a3e11119cde2decdba62295da196ee9a52860b6,b0cc1596c2bc4b71179d1a26e188a7a00daa76c95227716d5a49c119c5eaa30e,EXIF/GPS/XMP/ICC stripped; orientation normalized; JPEG re-encoded from pixels
RA-20260914-015,RA-20260914-015-front-y-idler-support-on-single-m8-rod.jpg,20260914_100626.jpg,20260914,front y idler support on single m8 rod,4000,1848,a6e01a69c6861ab08f4ebbf8ea9fd1024b903b55ebca1c6dc52d3896f4f64e06,d124e174859cc170173360b4b7a2803b7e483e130468354e86330fc0004248f1,EXIF/GPS/XMP/ICC stripped; orientation normalized; JPEG re-encoded from pixels
RA-20260914-016,RA-20260914-016-front-y-idler-support-fastener-detail.jpg,20260914_100635.jpg,20260914,front y idler support fastener detail,4000,1848,dda39d5947fb1f40fb36377db1f0c743e1976279f9c09acfa1f6886a0ab9bd1e,7c8543821186b31745b7b3f4bcda54884ff2130334371ffd08d066a819867097,EXIF/GPS/XMP/ICC stripped; orientation normalized; JPEG re-encoded from pixels
RA-20260914-017,RA-20260914-017-front-y-crossmember-with-idler-support.jpg,20260914_101002.jpg,20260914,front y crossmember with idler support,1848,4000,de708d5ce5c5b6c3578653c1d3b37deaa95f9688b9056a5efb10dba1588fb32e,faaa23c502a6b9b29352df044aeb449882f042bb55f59dcdca56124bcd820e2b,EXIF/GPS/XMP/ICC stripped; orientation normalized; JPEG re-encoded from pixels
RA-20260914-018,RA-20260914-018-y-frame-side-rods-and-crossmembers-before-closure.jpg,20260914_101013.jpg,20260914,y frame side rods and crossmembers before closure,1848,4000,4c695bd7b6967f8da17285113ea51ba67669478c93bf74ccd583f84ec3739cef,5a8dc0204c888da470869e4ee8bae7a7acf2a51e95ce5aa1f342ba889490296a,EXIF/GPS/XMP/ICC stripped; orientation normalized; JPEG re-encoded from pixels
RA-20260914-019,RA-20260914-019-y-frame-rectangular-base-assembled.jpg,20260914_102036.jpg,20260914,y frame rectangular base assembled,1848,4000,184f9ba371c3c8082a7322789b04b8598e615724f4bc2d1304a07229cb8e96fb,bbfdf328a945c5362696950596252d397913847ac518180ca08e621bb8e9b7f3,EXIF/GPS/XMP/ICC stripped; orientation normalized; JPEG re-encoded from pixels
RA-20260914-020,RA-20260914-020-front-y-crossmember-idler-support-closeup.jpg,20260914_102042.jpg,20260914,front y crossmember idler support closeup,4000,1848,211380273b92790fe028625c0499d0899472dc5e6ed03352dcdf0c34247d5118,705908495d3b04865434dc25f3e46434820b70965806dc334af486554d86779f,EXIF/GPS/XMP/ICC stripped; orientation normalized; JPEG re-encoded from pixels
RA-20260914-021,RA-20260914-021-rear-y-crossmember-motor-support-closeup.jpg,20260914_102049.jpg,20260914,rear y crossmember motor support closeup,4000,1848,57ba03bd450a97659cef4ab5183c2f3affbed5b917573e1049dbdfbf50cc5bc6,694ddfe3242764dbfa35b291134dfa7d3f14d4efda643d525a7ca3a37036db40,EXIF/GPS/XMP/ICC stripped; orientation normalized; JPEG re-encoded from pixels
RA-20260914-022,RA-20260914-022-m10-frame-clamping-hardware-large-washers.jpg,20260914_102053.jpg,20260914,m10 frame clamping hardware large washers,4000,1848,f9ca3de41bc41164480ec36e1f7420218cf62079885a92030b03a1dc8457d47f,07255eadd4e6421ba2d2eb15bfd4930aed59d660441de9024ba9a60ab9257fca,EXIF/GPS/XMP/ICC stripped; orientation normalized; JPEG re-encoded from pixels
RA-20260914-023,RA-20260914-023-y-frame-base-final-top-view-before-main-frame.jpg,20260914_102100.jpg,20260914,y frame base final top view before main frame,4000,1848,a6365432183b7ce6bdb793c496e9fb8f48512abe14499cc6b6ca34d275fb51ff,0787c972955f5fd275fdaf685260867c816091f6c32cf325773b0b997bdf1d2f,EXIF/GPS/XMP/ICC stripped; orientation normalized; JPEG re-encoded from pixels
RA-20260914-024,RA-20260914-024-main-steel-frame-positioned-over-y-base.jpg,20260914_103317.jpg,20260914,main steel frame positioned over y base,1848,4000,df704f9deaae1d4967d6fb7cfd6caa1badf965e68b2aea80560e69b0dcbda541,6d0bf444c9b574533279763d509d643808107bed73dbba37b0074a7edd3c0acf,EXIF/GPS/XMP/ICC stripped; orientation normalized; JPEG re-encoded from pixels
RA-20260914-025,RA-20260914-025-main-steel-frame-mounted-to-y-base.jpg,20260914_103325.jpg,20260914,main steel frame mounted to y base,1848,4000,3f3994dbb7b8fd46bef48b75f858b228e9f2631299bde37df61b521f3ec57974,2e92a987140bfbb4b9d718976c7e4c088637ea80d15c133a08c491a3bd9c5802,EXIF/GPS/XMP/ICC stripped; orientation normalized; JPEG re-encoded from pixels
RA-20260914-026,RA-20260914-026-main-steel-frame-component-reference.jpg,image-1789371475212.jpg,20260914,main steel frame component reference,1536,1152,6f5a35166a832d48e2533a2f584841e674359e8ca4bbe150a72c14fdfda123ae,4278698631fbc6a2c2b2a5801cb406d09e7ea01497042f462157503a9ea9d621,EXIF/GPS/XMP/ICC stripped; orientation normalized; JPEG re-encoded from pixels
RA-20260914-027,RA-20260914-027-red-corner-block-single-hole-face-reference.jpg,image-1789371492996.jpg,20260914,red corner block single hole face reference,1152,1536,da8c59ed2f36db01ff49e0d7862ccb7b249dbe76f2ce6f7f3acf600169d7bedd,f5f8ae313a444aa7f25bc8a59fd897d691ddaa5014abe53805adbbbe972784ba,EXIF/GPS/XMP/ICC stripped; orientation normalized; JPEG re-encoded from pixels
RA-20260914-028,RA-20260914-028-red-corner-block-two-hole-face-reference.jpg,image-1789371500650.jpg,20260914,red corner block two hole face reference,1152,1536,3c7d4b0690fd51f63eb616d9ec9d5085cb78046635847b69a3675829a20cc232,227e1850cf9007fd3debb33a6dd4fb58cfae66e642549c3b98bb5ab1cbd33ad4,EXIF/GPS/XMP/ICC stripped; orientation normalized; JPEG re-encoded from pixels
RA-20260914-029,RA-20260914-029-red-corner-block-forked-top-reference.jpg,image-1789371511703.jpg,20260914,red corner block forked top reference,1152,1536,b838b12f2d25d11db56f60bd31f1cc54ba79db12e5b904aa9efd65b028df5cbe,c1b7eb1b4ba53c5c4816a3891706d6b74ee248fc892b12ac3b845ce3b5fda3d8,EXIF/GPS/XMP/ICC stripped; orientation normalized; JPEG re-encoded from pixels
RA-20260914-030,RA-20260914-030-threaded-rods-stage-a-component-layout.jpg,image-1789371577624.jpg,20260914,threaded rods stage a component layout,1152,1536,66b3853dd56892781836cf9783eb26108a30dcce87ec4fa87c41c6a12718d393,24e046c5fbd009cb0eb2794e9f419ead4ca3eb616382fa5b26276ca25b340bf1,EXIF/GPS/XMP/ICC stripped; orientation normalized; JPEG re-encoded from pixels
RA-20260914-031,RA-20260914-031-threaded-rods-stage-a-component-layout-second-view.jpg,image-1789371594060.jpg,20260914,threaded rods stage a component layout second view,1152,1536,bc7c0d0520cba6bdbe5effce065ac9fcf12fc7b7a8ab3d05b1b42dc8f634cddf,f9134877ad96ba9297b31fb4d8a44d912c5d566abd1ee77e56148aceabe76ce4,EXIF/GPS/XMP/ICC stripped; orientation normalized; JPEG re-encoded from pixels
RA-20260914-032,RA-20260914-032-original-black-front-y-idler-support-oblique-view.jpg,WhatsApp Image 2026-09-14 at 10.45.57.jpeg,20260914,original black front y idler support oblique view,1600,739,5d715471ed236afd8486bd3daf1659524bdc3a43e4987c29a6ef1e63c9bd9d20,ace09649b6b24abe267599391b26fb0ff562dc4278cf23052af349b89f76b48a,EXIF/GPS/XMP/ICC stripped; orientation normalized; JPEG re-encoded from pixels
RA-20260914-033,RA-20260914-033-original-black-front-y-idler-support-front-view.jpg,WhatsApp Image 2026-09-14 at 10.45.58.jpeg,20260914,original black front y idler support front view,739,1600,2dcd4541601cbb3e45ee7dbfd1f2203736184837531caece5459dc6d2b8ea7e0,141f8c14572e10dd12e0c2da13eead1a72782bf8b564c24b585f5a25b530cb7f,EXIF/GPS/XMP/ICC stripped; orientation normalized; JPEG re-encoded from pixels
RA-20260914-034,RA-20260914-034-original-black-front-y-idler-support-top-oblique-view.jpg,WhatsApp Image 2026-09-14 at 10.45.58_.jpeg,20260914,original black front y idler support top oblique view,1600,739,678f22bf1302b5b67fd75a2e8d11c6f366890790e3561e595722dee6ccda713d,ccb07ed0904d6004f26509c2e5a45458e8c141be9b718532c1d62e2ba112664a,EXIF/GPS/XMP/ICC stripped; orientation normalized; JPEG re-encoded from pixels
RA-20260914-035,RA-20260914-035-original-black-front-y-idler-support-side-view.jpg,WhatsApp Image 2026-09-14 at 10.45.58__.jpeg,20260914,original black front y idler support side view,1600,739,6b920f6ee54a309c4fcade8ea459aa63b3226b95218454de19bc89e1887f42ac,5daf655d79da751b637f432cabede93bebe49b92973c71db8efd1c6b0fcf8b62,EXIF/GPS/XMP/ICC stripped; orientation normalized; JPEG re-encoded from pixels
RA-20260915-001,RA-20260915-001-y-frame-oblique-view-with-front-idler-and-guide-rods.jpg,14d56b99-a091-5a9b-adf3-c45c301bc325.jpg,20260915,y frame oblique view with front idler and guide rods,710,1536,cb7c0e3e007f944e7a47876cf4c1f90a05e9d9ac5b77d31793949f32c0453b88,a2bc34b10acbfd66d4324cf100d6f031a2ba5bfe8293de7045eece0c0756bf25,EXIF/GPS/XMP/ICC stripped; orientation normalized; JPEG re-encoded from pixels
RA-20260915-002,RA-20260915-002-main-steel-frame-mounted-on-y-base-overview.jpg,c581fe18-e8b4-5414-8d6f-b7927ca387d9.jpg,20260915,main steel frame mounted on y base overview,1536,710,40a20a8a714f814377f9792f0b88b7af859e906c3ed1a1fc270a943b8976a754,d07821c85d5d8f810a79ad0282fead1c731db13cdec60a35aa048a9d3c961e81,EXIF/GPS/XMP/ICC stripped; orientation normalized; JPEG re-encoded from pixels
RA-20260915-003,RA-20260915-003-front-y-idler-support-closeup-with-pulley-installed.jpg,f601a28b-59e4-5782-a3ac-efb73e90849a.jpg,20260915,front y idler support closeup with pulley installed,710,1536,31e3b9ca4ab4d20dc274e57dd4c3ec9c2a9661180191865f26afe1231806d4bb,4bd1fedae8ac8db63da72aed10bf96e0235e7a67ca7fd67eaf7ab926cd7485a1,EXIF/GPS/XMP/ICC stripped; orientation normalized; JPEG re-encoded from pixels
RA-20260915-004,RA-20260915-004-front-y-idler-pulley-side-detail.jpg,f1c16b4e-a423-5234-abbc-fabb40dcbd15.jpg,20260915,front y idler pulley side detail,1536,710,70ea269d7d40497e8fb88f2e4fec415130a26091a50f9cf11411d2fd8fb5852c,33692adbe2eef427d1d676bd7336bc7cd74db7b7b23bfe02d1cf5a9137b52be2,EXIF/GPS/XMP/ICC stripped; orientation normalized; JPEG re-encoded from pixels
RA-20260915-005,RA-20260915-005-front-y-idler-pulley-low-angle-detail.jpg,4256c6ba-ecaf-5beb-8db4-209fa663a351.jpg,20260915,front y idler pulley low angle detail,710,1536,e7b34784e147f1610d6cb0ee3fd26b8b1dc3a794fae3553adeb7afdd7d6fb090,1c75aaf86df3906a4b96b6bf382f9e95e2bb5f4c0e222d3c17cfd97f097883cc,EXIF/GPS/XMP/ICC stripped; orientation normalized; JPEG re-encoded from pixels
RA-20260915-006,RA-20260915-006-main-steel-frame-mounted-on-y-base-portrait-overview.jpg,afe780e9-f16d-590a-9f39-6c0a27e9509e.jpg,20260915,main steel frame mounted on y base portrait overview,1536,710,db3a8f6d460714281b439c487d0bc0231a54efb040634d30328c17f89c1cfbb8,dc4880080ccef248bb990c16f185bcef8e03842b32ce34141197651771a29abc,EXIF/GPS/XMP/ICC stripped; orientation normalized; JPEG re-encoded from pixels
RA-20260915-007,RA-20260915-007-rear-y-motor-support-with-stepper-installed-side-view.jpg,43858b71-4f68-5a78-a214-7733ce9f8c4c.jpg,20260915,rear y motor support with stepper installed side view,1536,710,6811ad60bb0f92dc7a6c428caf7ffe412cd0f3ccc78c772f06a2466285d4389c,2b9c8852da648853779e74d68816ee974ac5d869eb4f5d514a5fea2ad588cf1f,EXIF/GPS/XMP/ICC stripped; orientation normalized; JPEG re-encoded from pixels
RA-20260915-008,RA-20260915-008-rear-y-motor-support-fastener-detail.jpg,704e5675-7c16-568f-be03-3084b444196c.jpg,20260915,rear y motor support fastener detail,710,1536,6cfdd317c08f44f6357d6ebf21b4902734203ab552eaf8782089310a95088b87,d86849e0cffd8d7d7cfc1e6e3980237126319655e3fc7a0bd0d4411580ceae95,EXIF/GPS/XMP/ICC stripped; orientation normalized; JPEG re-encoded from pixels
RA-20260915-009,RA-20260915-009-front-y-crossmember-and-center-support-front-view.jpg,1a4b6ccd-632c-53f8-8080-aa0053309064.jpg,20260915,front y crossmember and center support front view,1536,710,7ada781780174831fb8615e41cbfa9f5569eb08e9704ae49265e5d447a2ccc5d,0dc5eb492597f0bafdf01cae5d5ede63df1321f924f6fe205ca6ea056020296b,EXIF/GPS/XMP/ICC stripped; orientation normalized; JPEG re-encoded from pixels
